"Asheville","Austin","Boston","Cambridge","Chicago","Columbus","Dallas","Denver","Fort_Worth","Hawaii","Jersey_City","Los_Angeles","Nashville","New_Orleans","New_York","Newark","Oakland","Pacific_Grove","Portland","Rhode_Island","Salem","San_Diego","San_Francisco","Seattle","Washington"
"https://www.trulia.com/NC/Asheville","https://www.trulia.com/TX/Austin","https://www.trulia.com/MA/Boston","https://www.trulia.com/MA/Cambridge","https://www.trulia.com/IL/Chicago","https://www.trulia.com/OH/Columbus","https://www.trulia.com/TX/Dallas","https://www.trulia.com/CO/Denver","https://www.trulia.com/TX/Fort_Worth","https://www.trulia.com/HI/Hawaii","https://www.trulia.com/NJ/Jersey_City","https://www.trulia.com/CA/Los_Angeles","https://www.trulia.com/TN/Nashville","https://www.trulia.com/LA/New_Orleans","https://www.trulia.com/NY/New_York","https://www.trulia.com/NJ/Newark","https://www.trulia.com/CA/Oakland","https://www.trulia.com/CA/Pacific_Grove","https://www.trulia.com/OR/Portland","https://www.trulia.com/RI/","https://www.trulia.com/OR/Salem","https://www.trulia.com/CA/San_Diego","https://www.trulia.com/CA/San_Francisco","https://www.trulia.com/WA/Seattle","https://www.trulia.com/DC/Washington"
"https://www.trulia.com/NC/Asheville/2_p/","https://www.trulia.com/TX/Austin/2_p/","https://www.trulia.com/MA/Boston/2_p/","https://www.trulia.com/MA/Cambridge/2_p/","https://www.trulia.com/IL/Chicago/2_p/","https://www.trulia.com/OH/Columbus/2_p/","https://www.trulia.com/TX/Dallas/2_p/","https://www.trulia.com/CO/Denver/2_p/","https://www.trulia.com/TX/Fort_Worth/2_p/",NA,"https://www.trulia.com/NJ/Jersey_City/2_p/","https://www.trulia.com/CA/Los_Angeles/2_p/","https://www.trulia.com/TN/Nashville/2_p/","https://www.trulia.com/LA/New_Orleans/2_p/","https://www.trulia.com/NY/New_York/2_p/","https://www.trulia.com/NJ/Newark/2_p/","https://www.trulia.com/CA/Oakland/2_p/",NA,"https://www.trulia.com/OR/Portland/2_p/","https://www.trulia.com/RI//2_p/","https://www.trulia.com/OR/Salem/2_p/","https://www.trulia.com/CA/San_Diego/2_p/","https://www.trulia.com/CA/San_Francisco/2_p/","https://www.trulia.com/WA/Seattle/2_p/","https://www.trulia.com/DC/Washington/2_p/"
"https://www.trulia.com/NC/Asheville/3_p/","https://www.trulia.com/TX/Austin/3_p/","https://www.trulia.com/MA/Boston/3_p/","https://www.trulia.com/MA/Cambridge/3_p/","https://www.trulia.com/IL/Chicago/3_p/","https://www.trulia.com/OH/Columbus/3_p/","https://www.trulia.com/TX/Dallas/3_p/","https://www.trulia.com/CO/Denver/3_p/","https://www.trulia.com/TX/Fort_Worth/3_p/",NA,"https://www.trulia.com/NJ/Jersey_City/3_p/","https://www.trulia.com/CA/Los_Angeles/3_p/","https://www.trulia.com/TN/Nashville/3_p/","https://www.trulia.com/LA/New_Orleans/3_p/","https://www.trulia.com/NY/New_York/3_p/","https://www.trulia.com/NJ/Newark/3_p/","https://www.trulia.com/CA/Oakland/3_p/",NA,"https://www.trulia.com/OR/Portland/3_p/","https://www.trulia.com/RI//3_p/","https://www.trulia.com/OR/Salem/3_p/","https://www.trulia.com/CA/San_Diego/3_p/","https://www.trulia.com/CA/San_Francisco/3_p/","https://www.trulia.com/WA/Seattle/3_p/","https://www.trulia.com/DC/Washington/3_p/"
"https://www.trulia.com/NC/Asheville/4_p/","https://www.trulia.com/TX/Austin/4_p/","https://www.trulia.com/MA/Boston/4_p/","https://www.trulia.com/MA/Cambridge/4_p/","https://www.trulia.com/IL/Chicago/4_p/","https://www.trulia.com/OH/Columbus/4_p/","https://www.trulia.com/TX/Dallas/4_p/","https://www.trulia.com/CO/Denver/4_p/","https://www.trulia.com/TX/Fort_Worth/4_p/",NA,"https://www.trulia.com/NJ/Jersey_City/4_p/","https://www.trulia.com/CA/Los_Angeles/4_p/","https://www.trulia.com/TN/Nashville/4_p/","https://www.trulia.com/LA/New_Orleans/4_p/","https://www.trulia.com/NY/New_York/4_p/","https://www.trulia.com/NJ/Newark/4_p/","https://www.trulia.com/CA/Oakland/4_p/",NA,"https://www.trulia.com/OR/Portland/4_p/","https://www.trulia.com/RI//4_p/","https://www.trulia.com/OR/Salem/4_p/","https://www.trulia.com/CA/San_Diego/4_p/","https://www.trulia.com/CA/San_Francisco/4_p/","https://www.trulia.com/WA/Seattle/4_p/","https://www.trulia.com/DC/Washington/4_p/"
"https://www.trulia.com/NC/Asheville/5_p/","https://www.trulia.com/TX/Austin/5_p/","https://www.trulia.com/MA/Boston/5_p/","https://www.trulia.com/MA/Cambridge/5_p/","https://www.trulia.com/IL/Chicago/5_p/","https://www.trulia.com/OH/Columbus/5_p/","https://www.trulia.com/TX/Dallas/5_p/","https://www.trulia.com/CO/Denver/5_p/","https://www.trulia.com/TX/Fort_Worth/5_p/",NA,"https://www.trulia.com/NJ/Jersey_City/5_p/","https://www.trulia.com/CA/Los_Angeles/5_p/","https://www.trulia.com/TN/Nashville/5_p/","https://www.trulia.com/LA/New_Orleans/5_p/","https://www.trulia.com/NY/New_York/5_p/","https://www.trulia.com/NJ/Newark/5_p/","https://www.trulia.com/CA/Oakland/5_p/",NA,"https://www.trulia.com/OR/Portland/5_p/","https://www.trulia.com/RI//5_p/","https://www.trulia.com/OR/Salem/5_p/","https://www.trulia.com/CA/San_Diego/5_p/","https://www.trulia.com/CA/San_Francisco/5_p/","https://www.trulia.com/WA/Seattle/5_p/","https://www.trulia.com/DC/Washington/5_p/"
"https://www.trulia.com/NC/Asheville/6_p/","https://www.trulia.com/TX/Austin/6_p/","https://www.trulia.com/MA/Boston/6_p/",NA,"https://www.trulia.com/IL/Chicago/6_p/","https://www.trulia.com/OH/Columbus/6_p/","https://www.trulia.com/TX/Dallas/6_p/","https://www.trulia.com/CO/Denver/6_p/","https://www.trulia.com/TX/Fort_Worth/6_p/",NA,"https://www.trulia.com/NJ/Jersey_City/6_p/","https://www.trulia.com/CA/Los_Angeles/6_p/","https://www.trulia.com/TN/Nashville/6_p/","https://www.trulia.com/LA/New_Orleans/6_p/","https://www.trulia.com/NY/New_York/6_p/","https://www.trulia.com/NJ/Newark/6_p/","https://www.trulia.com/CA/Oakland/6_p/",NA,"https://www.trulia.com/OR/Portland/6_p/","https://www.trulia.com/RI//6_p/","https://www.trulia.com/OR/Salem/6_p/","https://www.trulia.com/CA/San_Diego/6_p/","https://www.trulia.com/CA/San_Francisco/6_p/","https://www.trulia.com/WA/Seattle/6_p/","https://www.trulia.com/DC/Washington/6_p/"
"https://www.trulia.com/NC/Asheville/7_p/","https://www.trulia.com/TX/Austin/7_p/","https://www.trulia.com/MA/Boston/7_p/",NA,"https://www.trulia.com/IL/Chicago/7_p/","https://www.trulia.com/OH/Columbus/7_p/","https://www.trulia.com/TX/Dallas/7_p/","https://www.trulia.com/CO/Denver/7_p/","https://www.trulia.com/TX/Fort_Worth/7_p/",NA,"https://www.trulia.com/NJ/Jersey_City/7_p/","https://www.trulia.com/CA/Los_Angeles/7_p/","https://www.trulia.com/TN/Nashville/7_p/","https://www.trulia.com/LA/New_Orleans/7_p/","https://www.trulia.com/NY/New_York/7_p/","https://www.trulia.com/NJ/Newark/7_p/","https://www.trulia.com/CA/Oakland/7_p/",NA,"https://www.trulia.com/OR/Portland/7_p/","https://www.trulia.com/RI//7_p/","https://www.trulia.com/OR/Salem/7_p/","https://www.trulia.com/CA/San_Diego/7_p/","https://www.trulia.com/CA/San_Francisco/7_p/","https://www.trulia.com/WA/Seattle/7_p/","https://www.trulia.com/DC/Washington/7_p/"
"https://www.trulia.com/NC/Asheville/8_p/","https://www.trulia.com/TX/Austin/8_p/","https://www.trulia.com/MA/Boston/8_p/",NA,"https://www.trulia.com/IL/Chicago/8_p/","https://www.trulia.com/OH/Columbus/8_p/","https://www.trulia.com/TX/Dallas/8_p/","https://www.trulia.com/CO/Denver/8_p/","https://www.trulia.com/TX/Fort_Worth/8_p/",NA,"https://www.trulia.com/NJ/Jersey_City/8_p/","https://www.trulia.com/CA/Los_Angeles/8_p/","https://www.trulia.com/TN/Nashville/8_p/","https://www.trulia.com/LA/New_Orleans/8_p/","https://www.trulia.com/NY/New_York/8_p/","https://www.trulia.com/NJ/Newark/8_p/","https://www.trulia.com/CA/Oakland/8_p/",NA,"https://www.trulia.com/OR/Portland/8_p/","https://www.trulia.com/RI//8_p/","https://www.trulia.com/OR/Salem/8_p/","https://www.trulia.com/CA/San_Diego/8_p/","https://www.trulia.com/CA/San_Francisco/8_p/","https://www.trulia.com/WA/Seattle/8_p/","https://www.trulia.com/DC/Washington/8_p/"
"https://www.trulia.com/NC/Asheville/9_p/","https://www.trulia.com/TX/Austin/9_p/","https://www.trulia.com/MA/Boston/9_p/",NA,"https://www.trulia.com/IL/Chicago/9_p/","https://www.trulia.com/OH/Columbus/9_p/","https://www.trulia.com/TX/Dallas/9_p/","https://www.trulia.com/CO/Denver/9_p/","https://www.trulia.com/TX/Fort_Worth/9_p/",NA,"https://www.trulia.com/NJ/Jersey_City/9_p/","https://www.trulia.com/CA/Los_Angeles/9_p/","https://www.trulia.com/TN/Nashville/9_p/","https://www.trulia.com/LA/New_Orleans/9_p/","https://www.trulia.com/NY/New_York/9_p/","https://www.trulia.com/NJ/Newark/9_p/","https://www.trulia.com/CA/Oakland/9_p/",NA,"https://www.trulia.com/OR/Portland/9_p/","https://www.trulia.com/RI//9_p/","https://www.trulia.com/OR/Salem/9_p/","https://www.trulia.com/CA/San_Diego/9_p/","https://www.trulia.com/CA/San_Francisco/9_p/","https://www.trulia.com/WA/Seattle/9_p/","https://www.trulia.com/DC/Washington/9_p/"
"https://www.trulia.com/NC/Asheville/10_p/","https://www.trulia.com/TX/Austin/10_p/","https://www.trulia.com/MA/Boston/10_p/",NA,"https://www.trulia.com/IL/Chicago/10_p/","https://www.trulia.com/OH/Columbus/10_p/","https://www.trulia.com/TX/Dallas/10_p/","https://www.trulia.com/CO/Denver/10_p/","https://www.trulia.com/TX/Fort_Worth/10_p/",NA,"https://www.trulia.com/NJ/Jersey_City/10_p/","https://www.trulia.com/CA/Los_Angeles/10_p/","https://www.trulia.com/TN/Nashville/10_p/","https://www.trulia.com/LA/New_Orleans/10_p/","https://www.trulia.com/NY/New_York/10_p/","https://www.trulia.com/NJ/Newark/10_p/","https://www.trulia.com/CA/Oakland/10_p/",NA,"https://www.trulia.com/OR/Portland/10_p/","https://www.trulia.com/RI//10_p/","https://www.trulia.com/OR/Salem/10_p/","https://www.trulia.com/CA/San_Diego/10_p/","https://www.trulia.com/CA/San_Francisco/10_p/","https://www.trulia.com/WA/Seattle/10_p/","https://www.trulia.com/DC/Washington/10_p/"
"https://www.trulia.com/NC/Asheville/11_p/","https://www.trulia.com/TX/Austin/11_p/","https://www.trulia.com/MA/Boston/11_p/",NA,"https://www.trulia.com/IL/Chicago/11_p/","https://www.trulia.com/OH/Columbus/11_p/","https://www.trulia.com/TX/Dallas/11_p/","https://www.trulia.com/CO/Denver/11_p/","https://www.trulia.com/TX/Fort_Worth/11_p/",NA,"https://www.trulia.com/NJ/Jersey_City/11_p/","https://www.trulia.com/CA/Los_Angeles/11_p/","https://www.trulia.com/TN/Nashville/11_p/","https://www.trulia.com/LA/New_Orleans/11_p/","https://www.trulia.com/NY/New_York/11_p/","https://www.trulia.com/NJ/Newark/11_p/","https://www.trulia.com/CA/Oakland/11_p/",NA,"https://www.trulia.com/OR/Portland/11_p/","https://www.trulia.com/RI//11_p/","https://www.trulia.com/OR/Salem/11_p/","https://www.trulia.com/CA/San_Diego/11_p/","https://www.trulia.com/CA/San_Francisco/11_p/","https://www.trulia.com/WA/Seattle/11_p/","https://www.trulia.com/DC/Washington/11_p/"
"https://www.trulia.com/NC/Asheville/12_p/","https://www.trulia.com/TX/Austin/12_p/","https://www.trulia.com/MA/Boston/12_p/",NA,"https://www.trulia.com/IL/Chicago/12_p/","https://www.trulia.com/OH/Columbus/12_p/","https://www.trulia.com/TX/Dallas/12_p/","https://www.trulia.com/CO/Denver/12_p/","https://www.trulia.com/TX/Fort_Worth/12_p/",NA,"https://www.trulia.com/NJ/Jersey_City/12_p/","https://www.trulia.com/CA/Los_Angeles/12_p/","https://www.trulia.com/TN/Nashville/12_p/","https://www.trulia.com/LA/New_Orleans/12_p/","https://www.trulia.com/NY/New_York/12_p/","https://www.trulia.com/NJ/Newark/12_p/","https://www.trulia.com/CA/Oakland/12_p/",NA,"https://www.trulia.com/OR/Portland/12_p/","https://www.trulia.com/RI//12_p/","https://www.trulia.com/OR/Salem/12_p/","https://www.trulia.com/CA/San_Diego/12_p/","https://www.trulia.com/CA/San_Francisco/12_p/","https://www.trulia.com/WA/Seattle/12_p/","https://www.trulia.com/DC/Washington/12_p/"
"https://www.trulia.com/NC/Asheville/13_p/","https://www.trulia.com/TX/Austin/13_p/","https://www.trulia.com/MA/Boston/13_p/",NA,"https://www.trulia.com/IL/Chicago/13_p/","https://www.trulia.com/OH/Columbus/13_p/","https://www.trulia.com/TX/Dallas/13_p/","https://www.trulia.com/CO/Denver/13_p/","https://www.trulia.com/TX/Fort_Worth/13_p/",NA,"https://www.trulia.com/NJ/Jersey_City/13_p/","https://www.trulia.com/CA/Los_Angeles/13_p/","https://www.trulia.com/TN/Nashville/13_p/","https://www.trulia.com/LA/New_Orleans/13_p/","https://www.trulia.com/NY/New_York/13_p/",NA,"https://www.trulia.com/CA/Oakland/13_p/",NA,"https://www.trulia.com/OR/Portland/13_p/","https://www.trulia.com/RI//13_p/","https://www.trulia.com/OR/Salem/13_p/","https://www.trulia.com/CA/San_Diego/13_p/","https://www.trulia.com/CA/San_Francisco/13_p/","https://www.trulia.com/WA/Seattle/13_p/","https://www.trulia.com/DC/Washington/13_p/"
"https://www.trulia.com/NC/Asheville/14_p/","https://www.trulia.com/TX/Austin/14_p/","https://www.trulia.com/MA/Boston/14_p/",NA,"https://www.trulia.com/IL/Chicago/14_p/","https://www.trulia.com/OH/Columbus/14_p/","https://www.trulia.com/TX/Dallas/14_p/","https://www.trulia.com/CO/Denver/14_p/","https://www.trulia.com/TX/Fort_Worth/14_p/",NA,"https://www.trulia.com/NJ/Jersey_City/14_p/","https://www.trulia.com/CA/Los_Angeles/14_p/","https://www.trulia.com/TN/Nashville/14_p/","https://www.trulia.com/LA/New_Orleans/14_p/","https://www.trulia.com/NY/New_York/14_p/",NA,"https://www.trulia.com/CA/Oakland/14_p/",NA,"https://www.trulia.com/OR/Portland/14_p/","https://www.trulia.com/RI//14_p/","https://www.trulia.com/OR/Salem/14_p/","https://www.trulia.com/CA/San_Diego/14_p/","https://www.trulia.com/CA/San_Francisco/14_p/","https://www.trulia.com/WA/Seattle/14_p/","https://www.trulia.com/DC/Washington/14_p/"
"https://www.trulia.com/NC/Asheville/15_p/","https://www.trulia.com/TX/Austin/15_p/","https://www.trulia.com/MA/Boston/15_p/",NA,"https://www.trulia.com/IL/Chicago/15_p/","https://www.trulia.com/OH/Columbus/15_p/","https://www.trulia.com/TX/Dallas/15_p/","https://www.trulia.com/CO/Denver/15_p/","https://www.trulia.com/TX/Fort_Worth/15_p/",NA,"https://www.trulia.com/NJ/Jersey_City/15_p/","https://www.trulia.com/CA/Los_Angeles/15_p/","https://www.trulia.com/TN/Nashville/15_p/","https://www.trulia.com/LA/New_Orleans/15_p/","https://www.trulia.com/NY/New_York/15_p/",NA,"https://www.trulia.com/CA/Oakland/15_p/",NA,"https://www.trulia.com/OR/Portland/15_p/","https://www.trulia.com/RI//15_p/","https://www.trulia.com/OR/Salem/15_p/","https://www.trulia.com/CA/San_Diego/15_p/","https://www.trulia.com/CA/San_Francisco/15_p/","https://www.trulia.com/WA/Seattle/15_p/","https://www.trulia.com/DC/Washington/15_p/"
"https://www.trulia.com/NC/Asheville/16_p/","https://www.trulia.com/TX/Austin/16_p/","https://www.trulia.com/MA/Boston/16_p/",NA,"https://www.trulia.com/IL/Chicago/16_p/","https://www.trulia.com/OH/Columbus/16_p/","https://www.trulia.com/TX/Dallas/16_p/","https://www.trulia.com/CO/Denver/16_p/","https://www.trulia.com/TX/Fort_Worth/16_p/",NA,"https://www.trulia.com/NJ/Jersey_City/16_p/","https://www.trulia.com/CA/Los_Angeles/16_p/","https://www.trulia.com/TN/Nashville/16_p/","https://www.trulia.com/LA/New_Orleans/16_p/","https://www.trulia.com/NY/New_York/16_p/",NA,"https://www.trulia.com/CA/Oakland/16_p/",NA,"https://www.trulia.com/OR/Portland/16_p/","https://www.trulia.com/RI//16_p/","https://www.trulia.com/OR/Salem/16_p/","https://www.trulia.com/CA/San_Diego/16_p/","https://www.trulia.com/CA/San_Francisco/16_p/","https://www.trulia.com/WA/Seattle/16_p/","https://www.trulia.com/DC/Washington/16_p/"
NA,"https://www.trulia.com/TX/Austin/17_p/","https://www.trulia.com/MA/Boston/17_p/",NA,"https://www.trulia.com/IL/Chicago/17_p/","https://www.trulia.com/OH/Columbus/17_p/","https://www.trulia.com/TX/Dallas/17_p/","https://www.trulia.com/CO/Denver/17_p/","https://www.trulia.com/TX/Fort_Worth/17_p/",NA,"https://www.trulia.com/NJ/Jersey_City/17_p/","https://www.trulia.com/CA/Los_Angeles/17_p/","https://www.trulia.com/TN/Nashville/17_p/","https://www.trulia.com/LA/New_Orleans/17_p/","https://www.trulia.com/NY/New_York/17_p/",NA,"https://www.trulia.com/CA/Oakland/17_p/",NA,"https://www.trulia.com/OR/Portland/17_p/","https://www.trulia.com/RI//17_p/","https://www.trulia.com/OR/Salem/17_p/","https://www.trulia.com/CA/San_Diego/17_p/","https://www.trulia.com/CA/San_Francisco/17_p/","https://www.trulia.com/WA/Seattle/17_p/","https://www.trulia.com/DC/Washington/17_p/"
NA,"https://www.trulia.com/TX/Austin/18_p/","https://www.trulia.com/MA/Boston/18_p/",NA,"https://www.trulia.com/IL/Chicago/18_p/","https://www.trulia.com/OH/Columbus/18_p/","https://www.trulia.com/TX/Dallas/18_p/","https://www.trulia.com/CO/Denver/18_p/","https://www.trulia.com/TX/Fort_Worth/18_p/",NA,"https://www.trulia.com/NJ/Jersey_City/18_p/","https://www.trulia.com/CA/Los_Angeles/18_p/","https://www.trulia.com/TN/Nashville/18_p/","https://www.trulia.com/LA/New_Orleans/18_p/","https://www.trulia.com/NY/New_York/18_p/",NA,"https://www.trulia.com/CA/Oakland/18_p/",NA,"https://www.trulia.com/OR/Portland/18_p/","https://www.trulia.com/RI//18_p/","https://www.trulia.com/OR/Salem/18_p/","https://www.trulia.com/CA/San_Diego/18_p/","https://www.trulia.com/CA/San_Francisco/18_p/","https://www.trulia.com/WA/Seattle/18_p/","https://www.trulia.com/DC/Washington/18_p/"
NA,"https://www.trulia.com/TX/Austin/19_p/","https://www.trulia.com/MA/Boston/19_p/",NA,"https://www.trulia.com/IL/Chicago/19_p/","https://www.trulia.com/OH/Columbus/19_p/","https://www.trulia.com/TX/Dallas/19_p/","https://www.trulia.com/CO/Denver/19_p/","https://www.trulia.com/TX/Fort_Worth/19_p/",NA,"https://www.trulia.com/NJ/Jersey_City/19_p/","https://www.trulia.com/CA/Los_Angeles/19_p/","https://www.trulia.com/TN/Nashville/19_p/","https://www.trulia.com/LA/New_Orleans/19_p/","https://www.trulia.com/NY/New_York/19_p/",NA,"https://www.trulia.com/CA/Oakland/19_p/",NA,"https://www.trulia.com/OR/Portland/19_p/","https://www.trulia.com/RI//19_p/","https://www.trulia.com/OR/Salem/19_p/","https://www.trulia.com/CA/San_Diego/19_p/","https://www.trulia.com/CA/San_Francisco/19_p/","https://www.trulia.com/WA/Seattle/19_p/","https://www.trulia.com/DC/Washington/19_p/"
NA,"https://www.trulia.com/TX/Austin/20_p/","https://www.trulia.com/MA/Boston/20_p/",NA,"https://www.trulia.com/IL/Chicago/20_p/","https://www.trulia.com/OH/Columbus/20_p/","https://www.trulia.com/TX/Dallas/20_p/","https://www.trulia.com/CO/Denver/20_p/","https://www.trulia.com/TX/Fort_Worth/20_p/",NA,NA,"https://www.trulia.com/CA/Los_Angeles/20_p/","https://www.trulia.com/TN/Nashville/20_p/","https://www.trulia.com/LA/New_Orleans/20_p/","https://www.trulia.com/NY/New_York/20_p/",NA,"https://www.trulia.com/CA/Oakland/20_p/",NA,"https://www.trulia.com/OR/Portland/20_p/","https://www.trulia.com/RI//20_p/",NA,"https://www.trulia.com/CA/San_Diego/20_p/","https://www.trulia.com/CA/San_Francisco/20_p/","https://www.trulia.com/WA/Seattle/20_p/","https://www.trulia.com/DC/Washington/20_p/"
